{
  "tipo_contrato": {
    "0": {
      "num_contratos_previos_nacional": {
        "p1": 0.0,
        "p5": 0.0,
        "p95": 35.0,
        "p99": 215.0
      },
      "dias_publicidad": {
        "p1": 0.0,
        "p5": 0.0,
        "p95": 8.0,
        "p99": 11.919999999999959
      },
      "dias_decision": {
        "p1": 0.0,
        "p5": 0.0,
        "p95": 16.0,
        "p99": 90.0
      },
      "valor_contrato": {
        "p1": 0.0,
        "p5": 0.0,
        "p95": 550377010.7999998,
        "p99": 2524713942.94001
      }
    },
    "1": {
      "num_contratos_previos_nacional": {
        "p1": 0.0,
        "p5": 0.0,
        "p95": 79.0,
        "p99": 190.57999999999993
      },
      "dias_decision": {
        "p1": 0.0,
        "p5": 0.0,
        "p95": 36.0,
        "p99": 121.95999999999913
      },
      "valor_contrato": {
        "p1": 0.0,
        "p5": 0.0,
        "p95": 63490070.0,
        "p99": 451269709.9599996
      }
    },
    "10": {
      "num_contratos_previos_nacional": {
        "p1": 0.0,
        "p5": 0.0,
        "p95": 292.0,
        "p99": 863.6000000000058
      },
      "dias_publicidad": {
        "p1": 0.0,
        "p5": 1.0,
        "p95": 20.0,
        "p99": 28.0
      },
      "dias_decision": {
        "p1": 0.0,
        "p5": 2.0,
        "p95": 61.0,
        "p99": 149.0
      },
      "valor_contrato": {
        "p1": 536061.4,
        "p5": 1768579.0,
        "p95": 709644472.0,
        "p99": 3394892080.0000463
      }
    },
    "11": {
      "num_contratos_previos_nacional": {
        "p1": 0.0,
        "p5": 0.0,
        "p95": 56.0,
        "p99": 186.3199999999997
      },
      "dias_publicidad": {
        "p1": 1.0,
        "p5": 2.0,
        "p95": 26.0,
        "p99": 34.0
      },
      "dias_decision": {
        "p1": 4.340000000000003,
        "p5": 8.0,
        "p95": 100.0,
        "p99": 259.97999999999956
      },
      "valor_contrato": {
        "p1": 0.0,
        "p5": 0.0,
        "p95": 1903574859.6,
        "p99": 5338411038.819998
      }
    },
    "2": {
      "num_contratos_previos_nacional": {
        "p1": 0.0,
        "p5": 0.0,
        "p95": 55.0,
        "p99": 279.0
      },
      "dias_publicidad": {
        "p1": 0.0,
        "p5": 1.0,
        "p95": 15.0,
        "p99": 33.0
      },
      "dias_decision": {
        "p1": 0.0,
        "p5": 0.0,
        "p95": 47.0,
        "p99": 141.0
      },
      "valor_contrato": {
        "p1": 809948.4800000001,
        "p5": 1700000.0,
        "p95": 680733971.199999,
        "p99": 3217091114.9200077
      }
    },
    "3": {
      "num_contratos_previos_nacional": {
        "p1": 0.0,
        "p5": 0.0,
        "p95": 23.0,
        "p99": 50.0
      },
      "dias_publicidad": {
        "p1": 1.0,
        "p5": 2.0,
        "p95": 26.0,
        "p99": 38.909999999999854
      },
      "dias_decision": {
        "p1": 7.0,
        "p5": 10.0,
        "p95": 127.0,
        "p99": 240.72999999999956
      },
      "valor_contrato": {
        "p1": 4702415.040000001,
        "p5": 15126795.6,
        "p95": 2575737759.5999985,
        "p99": 9875130629.080004
      }
    },
    "4": {
      "num_contratos_previos_nacional": {
        "p1": 0.0,
        "p5": 0.0,
        "p95": 55.0,
        "p99": 160.0
      },
      "dias_publicidad": {
        "p1": 0.0,
        "p5": 1.0,
        "p95": 31.0,
        "p99": 42.0
      },
      "dias_decision": {
        "p1": 0.0,
        "p5": 0.0,
        "p95": 103.0,
        "p99": 234.0
      },
      "valor_contrato": {
        "p1": 4544093.36,
        "p5": 14999977.0,
        "p95": 5792541158.399992,
        "p99": 26243074007.75999
      }
    },
    "5": {
      "num_contratos_previos_nacional": {
        "p1": 0.0,
        "p5": 0.0,
        "p95": 338.0,
        "p99": 1292.460000000021
      },
      "dias_publicidad": {
        "p1": 0.0,
        "p5": 0.0,
        "p95": 13.0,
        "p99": 27.0
      },
      "dias_decision": {
        "p1": 0.0,
        "p5": 0.0,
        "p95": 42.0,
        "p99": 147.0
      },
      "valor_contrato": {
        "p1": 0.0,
        "p5": 0.0,
        "p95": 4362602134.0,
        "p99": 18515424880.0
      }
    },
    "6": {
      "num_contratos_previos_nacional": {
        "p1": 0.0,
        "p5": 0.0,
        "p95": 14.0,
        "p99": 82.0
      },
      "dias_publicidad": {
        "p1": 0.0,
        "p5": 1.0,
        "p95": 21.0,
        "p99": 32.0
      },
      "dias_decision": {
        "p1": 0.0,
        "p5": 0.0,
        "p95": 15.0,
        "p99": 50.0
      },
      "valor_contrato": {
        "p1": 1614945.0,
        "p5": 3618234.0,
        "p95": 92800003.3,
        "p99": 395500790.5000001
      }
    },
    "7": {
      "num_contratos_previos_nacional": {
        "p1": 0.0,
        "p5": 5.0,
        "p95": 3031.0,
        "p99": 3291.0
      },
      "dias_publicidad": {
        "p1": 1.0,
        "p5": 2.0,
        "p95": 24.0,
        "p99": 35.0
      },
      "dias_decision": {
        "p1": 0.0,
        "p5": 3.0,
        "p95": 55.0,
        "p99": 115.78000000000065
      },
      "valor_contrato": {
        "p1": 456343.0,
        "p5": 1698634.0,
        "p95": 1228596189.0,
        "p99": 5470295520.0
      }
    },
    "8": {
      "num_contratos_previos_nacional": {
        "p1": 0.0,
        "p5": 0.0,
        "p95": 272.0,
        "p99": 708.0
      },
      "dias_publicidad": {
        "p1": 1.0,
        "p5": 1.0,
        "p95": 19.0,
        "p99": 27.0
      },
      "dias_decision": {
        "p1": 0.0,
        "p5": 1.0,
        "p95": 67.0,
        "p99": 218.0
      },
      "valor_contrato": {
        "p1": 669978.0,
        "p5": 2520000.0,
        "p95": 879773084.2999998,
        "p99": 4330327180.800007
      }
    },
    "Other": {
      "num_contratos_previos_nacional": {
        "p1": 0.0,
        "p5": 0.0,
        "p95": 164.0,
        "p99": 516.8600000000006
      },
      "dias_publicidad": {
        "p1": 0.0,
        "p5": 1.0,
        "p95": 55.0,
        "p99": 95.0
      },
      "dias_decision": {
        "p1": 0.0,
        "p5": 0.0,
        "p95": 160.5,
        "p99": 275.0
      },
      "valor_contrato": {
        "p1": 0.0,
        "p5": 0.0,
        "p95": 18710829281.399994,
        "p99": 100000000000.0
      }
    }
  },
  "calibration_date": "2026-03-11T20:21:54.995919+00:00",
  "n_contracts": 3716546,
  "min_group_size": 30
}