{
  "tipo_contrato": {
    "0": {
      "num_contratos_previos_nacional": {
        "p1": 0.0,
        "p5": 0.0,
        "p95": 36.0,
        "p99": 224.0
      },
      "dias_publicidad": {
        "p1": 0.0,
        "p5": 0.0,
        "p95": 8.0,
        "p99": 9.650000000000006
      },
      "dias_decision": {
        "p1": 0.0,
        "p5": 0.0,
        "p95": 16.0,
        "p99": 94.88999999999942
      },
      "valor_contrato": {
        "p1": 0.0,
        "p5": 0.0,
        "p95": 537213600.0,
        "p99": 2423995478.3999887
      }
    },
    "1": {
      "num_contratos_previos_nacional": {
        "p1": 0.0,
        "p5": 0.0,
        "p95": 75.0,
        "p99": 190.0
      },
      "dias_publicidad": {
        "p1": NaN,
        "p5": NaN,
        "p95": NaN,
        "p99": NaN
      },
      "dias_decision": {
        "p1": 0.0,
        "p5": 0.0,
        "p95": 37.0,
        "p99": 124.29000000000087
      },
      "valor_contrato": {
        "p1": 0.0,
        "p5": 0.0,
        "p95": 63490070.0,
        "p99": 545001610.9999995
      }
    },
    "10": {
      "num_contratos_previos_nacional": {
        "p1": 0.0,
        "p5": 0.0,
        "p95": 290.0,
        "p99": 856.0
      },
      "dias_publicidad": {
        "p1": 0.0,
        "p5": 1.0,
        "p95": 20.0,
        "p99": 28.0
      },
      "dias_decision": {
        "p1": 0.0,
        "p5": 2.0,
        "p95": 62.0,
        "p99": 148.2899999999936
      },
      "valor_contrato": {
        "p1": 501954.75,
        "p5": 1737152.0,
        "p95": 769018519.5,
        "p99": 3875815846.25
      }
    },
    "11": {
      "num_contratos_previos_nacional": {
        "p1": 0.0,
        "p5": 0.0,
        "p95": 50.0,
        "p99": 170.45999999999913
      },
      "dias_publicidad": {
        "p1": 1.0,
        "p5": 2.0,
        "p95": 27.0,
        "p99": 34.0
      },
      "dias_decision": {
        "p1": 5.0,
        "p5": 8.0,
        "p95": 115.14999999999964,
        "p99": 348.22999999999956
      },
      "valor_contrato": {
        "p1": 0.0,
        "p5": 0.0,
        "p95": 2353114676.849999,
        "p99": 5834162516.469993
      }
    },
    "2": {
      "num_contratos_previos_nacional": {
        "p1": 0.0,
        "p5": 0.0,
        "p95": 54.0,
        "p99": 278.0
      },
      "dias_publicidad": {
        "p1": 0.0,
        "p5": 1.0,
        "p95": 15.0,
        "p99": 31.340000000000146
      },
      "dias_decision": {
        "p1": 0.0,
        "p5": 0.0,
        "p95": 47.0,
        "p99": 142.0
      },
      "valor_contrato": {
        "p1": 790000.33,
        "p5": 1700000.0,
        "p95": 689062949.9999996,
        "p99": 3278519808.949977
      }
    },
    "3": {
      "num_contratos_previos_nacional": {
        "p1": 0.0,
        "p5": 0.0,
        "p95": 21.0,
        "p99": 48.0
      },
      "dias_publicidad": {
        "p1": 1.0,
        "p5": 2.0,
        "p95": 28.0,
        "p99": 42.0
      },
      "dias_decision": {
        "p1": 7.0,
        "p5": 10.0,
        "p95": 132.14999999999964,
        "p99": 240.0
      },
      "valor_contrato": {
        "p1": 4999440.0,
        "p5": 16669061.0,
        "p95": 3738671313.499993,
        "p99": 14457933320.980068
      }
    },
    "4": {
      "num_contratos_previos_nacional": {
        "p1": 0.0,
        "p5": 0.0,
        "p95": 52.0,
        "p99": 154.8299999999981
      },
      "dias_publicidad": {
        "p1": 0.0,
        "p5": 1.0,
        "p95": 33.0,
        "p99": 44.0
      },
      "dias_decision": {
        "p1": 0.0,
        "p5": 0.0,
        "p95": 113.0,
        "p99": 237.16999999999825
      },
      "valor_contrato": {
        "p1": 4915358.98,
        "p5": 16173310.600000001,
        "p95": 9115339372.949995,
        "p99": 43184399055.11986
      }
    },
    "5": {
      "num_contratos_previos_nacional": {
        "p1": 0.0,
        "p5": 0.0,
        "p95": 334.0,
        "p99": 1279.8299999999872
      },
      "dias_publicidad": {
        "p1": 0.0,
        "p5": 0.0,
        "p95": 13.0,
        "p99": 28.0
      },
      "dias_decision": {
        "p1": 0.0,
        "p5": 0.0,
        "p95": 43.0,
        "p99": 152.0
      },
      "valor_contrato": {
        "p1": 0.0,
        "p5": 0.0,
        "p95": 4319481498.299996,
        "p99": 18515424880.0
      }
    },
    "6": {
      "num_contratos_previos_nacional": {
        "p1": 0.0,
        "p5": 0.0,
        "p95": 14.0,
        "p99": 83.0
      },
      "dias_publicidad": {
        "p1": 0.0,
        "p5": 1.0,
        "p95": 21.0,
        "p99": 33.0
      },
      "dias_decision": {
        "p1": 0.0,
        "p5": 0.0,
        "p95": 15.0,
        "p99": 51.0
      },
      "valor_contrato": {
        "p1": 1619520.5499999998,
        "p5": 3615333.75,
        "p95": 93500000.0,
        "p99": 413324279.5000027
      }
    },
    "7": {
      "num_contratos_previos_nacional": {
        "p1": 0.0,
        "p5": 0.0,
        "p95": 3020.3999999999996,
        "p99": 3288.0
      },
      "dias_publicidad": {
        "p1": 1.0,
        "p5": 2.0,
        "p95": 26.0,
        "p99": 35.0
      },
      "dias_decision": {
        "p1": 0.0,
        "p5": 3.0,
        "p95": 62.0,
        "p99": 130.1899999999987
      },
      "valor_contrato": {
        "p1": 456635.0,
        "p5": 1898050.0,
        "p95": 2353765259.9999986,
        "p99": 12718622142.600063
      }
    },
    "8": {
      "num_contratos_previos_nacional": {
        "p1": 0.0,
        "p5": 0.0,
        "p95": 269.0,
        "p99": 714.0
      },
      "dias_publicidad": {
        "p1": 1.0,
        "p5": 1.0,
        "p95": 19.0,
        "p99": 28.0
      },
      "dias_decision": {
        "p1": 0.0,
        "p5": 1.0,
        "p95": 68.0,
        "p99": 221.42999999999302
      },
      "valor_contrato": {
        "p1": 623262.5,
        "p5": 2500047.5,
        "p95": 900000000.0,
        "p99": 4610338851.000025
      }
    },
    "Other": {
      "num_contratos_previos_nacional": {
        "p1": 0.0,
        "p5": 0.0,
        "p95": 157.30000000000018,
        "p99": 479.0400000000009
      },
      "dias_publicidad": {
        "p1": 0.0,
        "p5": 2.0,
        "p95": 56.0,
        "p99": 95.0
      },
      "dias_decision": {
        "p1": 0.0,
        "p5": 0.0,
        "p95": 184.89999999999964,
        "p99": 275.0
      },
      "valor_contrato": {
        "p1": 0.0,
        "p5": 0.0,
        "p95": 20000000000.0,
        "p99": 113091856418.58006
      }
    }
  },
  "calibration_date": "2026-03-04T17:45:43.602781+00:00",
  "n_contracts": 3728552,
  "min_group_size": 30
}