{
  "tipo_contrato": {
    "Arrendamiento de inmuebles": {
      "num_contratos_previos_nacional": {
        "p1": 0.0,
        "p5": 0.0,
        "p95": 3.0,
        "p99": 16.0
      },
      "dias_publicidad": {
        "p1": 0.0,
        "p5": 0.0,
        "p95": 7.0,
        "p99": 7.0
      },
      "dias_decision": {
        "p1": 0.0,
        "p5": 0.0,
        "p95": 18.09999999999991,
        "p99": 174.37999999999943
      },
      "valor_contrato": {
        "p1": 0.0,
        "p5": 0.0,
        "p95": 568939642.3499995,
        "p99": 2543052797.3500023
      }
    },
    "Comodato": {
      "num_contratos_previos_nacional": {
        "p1": 0.0,
        "p5": 0.0,
        "p95": 6.0,
        "p99": 15.370000000000005
      },
      "dias_publicidad": {
        "p1": NaN,
        "p5": NaN,
        "p95": NaN,
        "p99": NaN
      },
      "dias_decision": {
        "p1": 0.0,
        "p5": 0.0,
        "p95": 42.799999999999955,
        "p99": 131.24
      },
      "valor_contrato": {
        "p1": 0.0,
        "p5": 0.0,
        "p95": 58606310.0,
        "p99": 372903419.1
      }
    },
    "Compraventa": {
      "num_contratos_previos_nacional": {
        "p1": 0.0,
        "p5": 0.0,
        "p95": 18.0,
        "p99": 49.11999999999989
      },
      "dias_publicidad": {
        "p1": 0.0,
        "p5": 1.0,
        "p95": 21.0,
        "p99": 29.0
      },
      "dias_decision": {
        "p1": 0.0,
        "p5": 3.0,
        "p95": 64.0,
        "p99": 154.1800000000003
      },
      "valor_contrato": {
        "p1": 499998.44,
        "p5": 1700195.6,
        "p95": 768951949.9999996,
        "p99": 4077884603.2799993
      }
    },
    "Consultoría": {
      "num_contratos_previos_nacional": {
        "p1": 0.0,
        "p5": 0.0,
        "p95": 4.0,
        "p99": 9.580000000000041
      },
      "dias_publicidad": {
        "p1": 2.0,
        "p5": 2.0,
        "p95": 27.0,
        "p99": 32.91999999999996
      },
      "dias_decision": {
        "p1": 6.0,
        "p5": 9.0,
        "p95": 138.0,
        "p99": 463.79999999999734
      },
      "valor_contrato": {
        "p1": 0.0,
        "p5": 1.0,
        "p95": 2338020741.899999,
        "p99": 6044601289.360031
      }
    },
    "Decreto 092 de 2017": {
      "num_contratos_previos_nacional": {
        "p1": 0.0,
        "p5": 0.0,
        "p95": 3.0,
        "p99": 18.0
      },
      "dias_publicidad": {
        "p1": 0.0,
        "p5": 1.0,
        "p95": 16.699999999999932,
        "p99": 33.0
      },
      "dias_decision": {
        "p1": 0.0,
        "p5": 0.0,
        "p95": 51.0,
        "p99": 150.0
      },
      "valor_contrato": {
        "p1": 814161.6799999999,
        "p5": 1700000.0,
        "p95": 678205745.1999991,
        "p99": 3496014023.8800025
      }
    },
    "Interventoría": {
      "num_contratos_previos_nacional": {
        "p1": 0.0,
        "p5": 0.0,
        "p95": 2.0,
        "p99": 3.0
      },
      "dias_publicidad": {
        "p1": 2.0,
        "p5": 3.0,
        "p95": 27.0,
        "p99": 44.47000000000003
      },
      "dias_decision": {
        "p1": 7.0,
        "p5": 11.0,
        "p95": 144.79999999999973,
        "p99": 376.49
      },
      "valor_contrato": {
        "p1": 5074231.5200000005,
        "p5": 15732655.0,
        "p95": 4184317849.449997,
        "p99": 16787441376.55975
      }
    },
    "Obra": {
      "num_contratos_previos_nacional": {
        "p1": 0.0,
        "p5": 0.0,
        "p95": 3.0,
        "p99": 9.0
      },
      "dias_publicidad": {
        "p1": 0.0,
        "p5": 1.0,
        "p95": 33.0,
        "p99": 42.0
      },
      "dias_decision": {
        "p1": 0.0,
        "p5": 0.0,
        "p95": 123.0,
        "p99": 220.3799999999992
      },
      "valor_contrato": {
        "p1": 4566093.04,
        "p5": 16405128.0,
        "p95": 10375574883.800001,
        "p99": 46308415160.960075
      }
    },
    "Other": {
      "num_contratos_previos_nacional": {
        "p1": 0.0,
        "p5": 0.0,
        "p95": 8.0,
        "p99": 20.860000000000014
      },
      "dias_publicidad": {
        "p1": 1.0,
        "p5": 2.0,
        "p95": 53.0,
        "p99": 76.16999999999996
      },
      "dias_decision": {
        "p1": 0.0,
        "p5": 0.0,
        "p95": 189.0,
        "p99": 275.0
      },
      "valor_contrato": {
        "p1": 0.0,
        "p5": 0.0,
        "p95": 23349999999.99957,
        "p99": 83866972436.22006
      }
    },
    "Otro": {
      "num_contratos_previos_nacional": {
        "p1": 0.0,
        "p5": 0.0,
        "p95": 23.0,
        "p99": 74.0
      },
      "dias_publicidad": {
        "p1": 0.0,
        "p5": 0.0,
        "p95": 16.0,
        "p99": 33.0
      },
      "dias_decision": {
        "p1": 0.0,
        "p5": 0.0,
        "p95": 55.0,
        "p99": 227.23999999999978
      },
      "valor_contrato": {
        "p1": 0.0,
        "p5": 0.0,
        "p95": 4432725032.75,
        "p99": 17885511804.950027
      }
    },
    "Prestación de servicios": {
      "num_contratos_previos_nacional": {
        "p1": 0.0,
        "p5": 0.0,
        "p95": 1.0,
        "p99": 5.0
      },
      "dias_publicidad": {
        "p1": 0.0,
        "p5": 1.0,
        "p95": 23.0,
        "p99": 34.0
      },
      "dias_decision": {
        "p1": 0.0,
        "p5": 0.0,
        "p95": 18.0,
        "p99": 56.0
      },
      "valor_contrato": {
        "p1": 1609286.26,
        "p5": 3622390.35,
        "p95": 93654000.0,
        "p99": 417688261.76000845
      }
    },
    "Seguros": {
      "num_contratos_previos_nacional": {
        "p1": 0.0,
        "p5": 0.0,
        "p95": 155.0,
        "p99": 179.68999999999994
      },
      "dias_publicidad": {
        "p1": 1.0,
        "p5": 2.0,
        "p95": 29.19999999999999,
        "p99": 38.04000000000002
      },
      "dias_decision": {
        "p1": 0.0,
        "p5": 5.900000000000002,
        "p95": 74.0,
        "p99": 140.09999999999997
      },
      "valor_contrato": {
        "p1": 604653.62,
        "p5": 2039380.0,
        "p95": 2414325789.75,
        "p99": 23289456357.899803
      }
    },
    "Suministros": {
      "num_contratos_previos_nacional": {
        "p1": 0.0,
        "p5": 0.0,
        "p95": 15.0,
        "p99": 37.0
      },
      "dias_publicidad": {
        "p1": 1.0,
        "p5": 1.0,
        "p95": 20.0,
        "p99": 28.0
      },
      "dias_decision": {
        "p1": 0.0,
        "p5": 1.0,
        "p95": 71.0,
        "p99": 224.0
      },
      "valor_contrato": {
        "p1": 594000.5,
        "p5": 2500000.0,
        "p95": 843386345.1999978,
        "p99": 4577278411.76996
      }
    }
  },
  "calibration_date": "2026-03-03T01:14:18.338541+00:00",
  "n_contracts": 316991,
  "min_group_size": 30
}