{
  "model_id": "M1",
  "label_distribution": {
    "0": 5133960,
    "1": 192544
  },
  "scale_pos_weight_value": 26.66378050318665,
  "strategy_comparison": {
    "scale_pos_weight": {
      "mean_cv_auc": 0.8622507054578097,
      "best_cv_auc": 0.893180441932317
    },
    "upsampling_25pct": {
      "mean_cv_auc": 0.8621095945747191,
      "best_cv_auc": 0.8953091526264637
    },
    "winner": "upsampling_25pct"
  },
  "all_cv_results": [
    {
      "params": {
        "colsample_bytree": 0.6872700594236812,
        "gamma": 0,
        "learning_rate": 0.01866188148138769,
        "max_depth": 7,
        "min_child_weight": 5,
        "n_estimators": 152,
        "reg_alpha": 0.1,
        "reg_lambda": 5,
        "subsample": 0.5499874579090014
      },
      "scale_pos_weight": {
        "mean_cv_auc": 0.8645043348945441,
        "std_cv_auc": 0.0010680119132714216
      },
      "upsampling_25pct": {
        "mean_cv_auc": 0.8649577927395043,
        "std_cv_auc": 0.0012479728158453147
      },
      "winner": "upsampling_25pct",
      "best_mean_cv_auc": 0.8649577927395043,
      "best_std_cv_auc": 0.0012479728158453147
    },
    {
      "params": {
        "colsample_bytree": 0.7296244459829335,
        "gamma": 0,
        "learning_rate": 0.07725378389307355,
        "max_depth": 5,
        "min_child_weight": 6,
        "n_estimators": 358,
        "reg_alpha": 0.1,
        "reg_lambda": 1,
        "subsample": 0.6061695553391381
      },
      "scale_pos_weight": {
        "mean_cv_auc": 0.8808499690755225,
        "std_cv_auc": 0.0011928166133008053
      },
      "upsampling_25pct": {
        "mean_cv_auc": 0.8795772785544251,
        "std_cv_auc": 0.0011638752883382298
      },
      "winner": "scale_pos_weight",
      "best_mean_cv_auc": 0.8808499690755225,
      "best_std_cv_auc": 0.0011928166133008053
    },
    {
      "params": {
        "colsample_bytree": 0.5909124836035503,
        "gamma": 0,
        "learning_rate": 0.08167611317882542,
        "max_depth": 4,
        "min_child_weight": 6,
        "n_estimators": 302,
        "reg_alpha": 0,
        "reg_lambda": 0,
        "subsample": 0.7623873301291946
      },
      "scale_pos_weight": {
        "mean_cv_auc": 0.8696388134174818,
        "std_cv_auc": 0.0010790795578950612
      },
      "upsampling_25pct": {
        "mean_cv_auc": 0.8689161178815357,
        "std_cv_auc": 0.0010382216633395129
      },
      "winner": "scale_pos_weight",
      "best_mean_cv_auc": 0.8696388134174818,
      "best_std_cv_auc": 0.0010790795578950612
    },
    {
      "params": {
        "colsample_bytree": 0.6999304858576277,
        "gamma": 1.0,
        "learning_rate": 0.027010527749605478,
        "max_depth": 5,
        "min_child_weight": 7,
        "n_estimators": 293,
        "reg_alpha": 0,
        "reg_lambda": 5,
        "subsample": 0.9299702033681603
      },
      "scale_pos_weight": {
        "mean_cv_auc": 0.8629384744664987,
        "std_cv_auc": 0.0010584197942887865
      },
      "upsampling_25pct": {
        "mean_cv_auc": 0.8627945585440614,
        "std_cv_auc": 0.0012879994586692846
      },
      "winner": "scale_pos_weight",
      "best_mean_cv_auc": 0.8629384744664987,
      "best_std_cv_auc": 0.0010584197942887865
    },
    {
      "params": {
        "colsample_bytree": 0.8401537692938899,
        "gamma": 0,
        "learning_rate": 0.012476394272569451,
        "max_depth": 6,
        "min_child_weight": 9,
        "n_estimators": 365,
        "reg_alpha": 0.1,
        "reg_lambda": 1,
        "subsample": 0.692708251269958
      },
      "scale_pos_weight": {
        "mean_cv_auc": 0.8633321458870936,
        "std_cv_auc": 0.0013942927868975355
      },
      "upsampling_25pct": {
        "mean_cv_auc": 0.8634822285346516,
        "std_cv_auc": 0.0011993086538860467
      },
      "winner": "upsampling_25pct",
      "best_mean_cv_auc": 0.8634822285346516,
      "best_std_cv_auc": 0.0011993086538860467
    },
    {
      "params": {
        "colsample_bytree": 0.5079831261101071,
        "gamma": 0.1,
        "learning_rate": 0.1024932221692416,
        "max_depth": 6,
        "min_child_weight": 7,
        "n_estimators": 477,
        "reg_alpha": 0,
        "reg_lambda": 5,
        "subsample": 0.5866823267538861
      },
      "scale_pos_weight": {
        "mean_cv_auc": 0.8923752051970317,
        "std_cv_auc": 0.0009639985491696761
      },
      "upsampling_25pct": {
        "mean_cv_auc": 0.8917242397354578,
        "std_cv_auc": 0.0007417309257537711
      },
      "winner": "scale_pos_weight",
      "best_mean_cv_auc": 0.8923752051970317,
      "best_std_cv_auc": 0.0009639985491696761
    },
    {
      "params": {
        "colsample_bytree": 0.6955303037866204,
        "gamma": 0.1,
        "learning_rate": 0.09519754482692679,
        "max_depth": 4,
        "min_child_weight": 6,
        "n_estimators": 103,
        "reg_alpha": 0.1,
        "reg_lambda": 1,
        "subsample": 0.5156566462277793
      },
      "scale_pos_weight": {
        "mean_cv_auc": 0.8575293191271295,
        "std_cv_auc": 0.0012522423863389283
      },
      "upsampling_25pct": {
        "mean_cv_auc": 0.8577770087911037,
        "std_cv_auc": 0.000837878720665982
      },
      "winner": "upsampling_25pct",
      "best_mean_cv_auc": 0.8577770087911037,
      "best_std_cv_auc": 0.000837878720665982
    },
    {
      "params": {
        "colsample_bytree": 0.9211423872974993,
        "gamma": 1.0,
        "learning_rate": 0.24420460844911424,
        "max_depth": 6,
        "min_child_weight": 8,
        "n_estimators": 264,
        "reg_alpha": 0,
        "reg_lambda": 1,
        "subsample": 0.6626651653816322
      },
      "scale_pos_weight": {
        "mean_cv_auc": 0.893180441932317,
        "std_cv_auc": 0.0011772629309986086
      },
      "upsampling_25pct": {
        "mean_cv_auc": 0.8953091526264637,
        "std_cv_auc": 0.0011938017425178454
      },
      "winner": "upsampling_25pct",
      "best_mean_cv_auc": 0.8953091526264637,
      "best_std_cv_auc": 0.0011938017425178454
    },
    {
      "params": {
        "colsample_bytree": 0.6943386448447411,
        "gamma": 0.1,
        "learning_rate": 0.06268891016222734,
        "max_depth": 4,
        "min_child_weight": 9,
        "n_estimators": 301,
        "reg_alpha": 0,
        "reg_lambda": 0,
        "subsample": 0.6481367528520412
      },
      "scale_pos_weight": {
        "mean_cv_auc": 0.866741016315999,
        "std_cv_auc": 0.0010282426342196219
      },
      "upsampling_25pct": {
        "mean_cv_auc": 0.8658821354585683,
        "std_cv_auc": 0.0009502528865034359
      },
      "winner": "scale_pos_weight",
      "best_mean_cv_auc": 0.866741016315999,
      "best_std_cv_auc": 0.0010282426342196219
    },
    {
      "params": {
        "colsample_bytree": 0.5826334695315012,
        "gamma": 0,
        "learning_rate": 0.28691395365453726,
        "max_depth": 3,
        "min_child_weight": 8,
        "n_estimators": 112,
        "reg_alpha": 1.0,
        "reg_lambda": 5,
        "subsample": 0.8534286719238086
      },
      "scale_pos_weight": {
        "mean_cv_auc": 0.8613907880263185,
        "std_cv_auc": 0.0009737717574210493
      },
      "upsampling_25pct": {
        "mean_cv_auc": 0.8607513291834857,
        "std_cv_auc": 0.000467790612016664
      },
      "winner": "scale_pos_weight",
      "best_mean_cv_auc": 0.8613907880263185,
      "best_std_cv_auc": 0.0009737717574210493
    },
    {
      "params": {
        "colsample_bytree": 0.8645035840204937,
        "gamma": 0,
        "learning_rate": 0.07853737079666878,
        "max_depth": 4,
        "min_child_weight": 7,
        "n_estimators": 90,
        "reg_alpha": 1.0,
        "reg_lambda": 0,
        "subsample": 0.811649063413779
      },
      "scale_pos_weight": {
        "mean_cv_auc": 0.8531576262117863,
        "std_cv_auc": 0.0011701963800123702
      },