{
  "model_id": "M1",
  "label_distribution": {
    "0": 305370,
    "1": 11621
  },
  "scale_pos_weight_value": 26.276336816226184,
  "strategy_comparison": {
    "scale_pos_weight": {
      "mean_cv_auc": 0.8438705748520923,
      "best_cv_auc": 0.8580629861920596
    },
    "upsampling_25pct": {
      "mean_cv_auc": 0.845070702424169,
      "best_cv_auc": 0.8590742437402223
    },
    "winner": "upsampling_25pct"
  },
  "all_cv_results": [
    {
      "params": {
        "colsample_bytree": 0.6872700594236812,
        "gamma": 0,
        "learning_rate": 0.01866188148138769,
        "max_depth": 7,
        "min_child_weight": 5,
        "n_estimators": 152,
        "reg_alpha": 0.1,
        "reg_lambda": 5,
        "subsample": 0.5499874579090014
      },
      "scale_pos_weight": {
        "mean_cv_auc": 0.8507441141824135,
        "std_cv_auc": 0.004325997047129767
      },
      "upsampling_25pct": {
        "mean_cv_auc": 0.851581214033871,
        "std_cv_auc": 0.0040471219908951635
      },
      "winner": "upsampling_25pct",
      "best_mean_cv_auc": 0.851581214033871,
      "best_std_cv_auc": 0.0040471219908951635
    },
    {
      "params": {
        "colsample_bytree": 0.7296244459829335,
        "gamma": 0,
        "learning_rate": 0.07725378389307355,
        "max_depth": 5,
        "min_child_weight": 6,
        "n_estimators": 358,
        "reg_alpha": 0.1,
        "reg_lambda": 1,
        "subsample": 0.6061695553391381
      },
      "scale_pos_weight": {
        "mean_cv_auc": 0.853247640241431,
        "std_cv_auc": 0.00500679383241201
      },
      "upsampling_25pct": {
        "mean_cv_auc": 0.8567952689522027,
        "std_cv_auc": 0.0036163609942291394
      },
      "winner": "upsampling_25pct",
      "best_mean_cv_auc": 0.8567952689522027,
      "best_std_cv_auc": 0.0036163609942291394
    },
    {
      "params": {
        "colsample_bytree": 0.5909124836035503,
        "gamma": 0,
        "learning_rate": 0.08167611317882542,
        "max_depth": 4,
        "min_child_weight": 6,
        "n_estimators": 302,
        "reg_alpha": 0,
        "reg_lambda": 0,
        "subsample": 0.7623873301291946
      },
      "scale_pos_weight": {
        "mean_cv_auc": 0.8513999525428829,
        "std_cv_auc": 0.004750807986011246
      },
      "upsampling_25pct": {
        "mean_cv_auc": 0.851977867411544,
        "std_cv_auc": 0.0034637163094155816
      },
      "winner": "upsampling_25pct",
      "best_mean_cv_auc": 0.851977867411544,
      "best_std_cv_auc": 0.0034637163094155816
    },
    {
      "params": {
        "colsample_bytree": 0.6999304858576277,
        "gamma": 1.0,
        "learning_rate": 0.027010527749605478,
        "max_depth": 5,
        "min_child_weight": 7,
        "n_estimators": 293,
        "reg_alpha": 0,
        "reg_lambda": 5,
        "subsample": 0.9299702033681603
      },
      "scale_pos_weight": {
        "mean_cv_auc": 0.8504052392165654,
        "std_cv_auc": 0.004241606901810666
      },
      "upsampling_25pct": {
        "mean_cv_auc": 0.8497488737729402,
        "std_cv_auc": 0.004302029857274043
      },
      "winner": "scale_pos_weight",
      "best_mean_cv_auc": 0.8504052392165654,
      "best_std_cv_auc": 0.004241606901810666
    },
    {
      "params": {
        "colsample_bytree": 0.8401537692938899,
        "gamma": 0,
        "learning_rate": 0.012476394272569451,
        "max_depth": 6,
        "min_child_weight": 9,
        "n_estimators": 365,
        "reg_alpha": 0.1,
        "reg_lambda": 1,
        "subsample": 0.692708251269958
      },
      "scale_pos_weight": {
        "mean_cv_auc": 0.8507592438359121,
        "std_cv_auc": 0.004327805334092977
      },
      "upsampling_25pct": {
        "mean_cv_auc": 0.8510613331364146,
        "std_cv_auc": 0.00408044799251354
      },
      "winner": "upsampling_25pct",
      "best_mean_cv_auc": 0.8510613331364146,
      "best_std_cv_auc": 0.00408044799251354
    },
    {
      "params": {
        "colsample_bytree": 0.5079831261101071,
        "gamma": 0.1,
        "learning_rate": 0.1024932221692416,
        "max_depth": 6,
        "min_child_weight": 7,
        "n_estimators": 477,
        "reg_alpha": 0,
        "reg_lambda": 5,
        "subsample": 0.5866823267538861
      },
      "scale_pos_weight": {
        "mean_cv_auc": 0.8462559378592401,
        "std_cv_auc": 0.004349932688212728
      },
      "upsampling_25pct": {
        "mean_cv_auc": 0.8538250370195838,
        "std_cv_auc": 0.003586223179252941
      },
      "winner": "upsampling_25pct",
      "best_mean_cv_auc": 0.8538250370195838,
      "best_std_cv_auc": 0.003586223179252941
    },
    {
      "params": {
        "colsample_bytree": 0.6955303037866204,
        "gamma": 0.1,
        "learning_rate": 0.09519754482692679,
        "max_depth": 4,
        "min_child_weight": 6,
        "n_estimators": 103,
        "reg_alpha": 0.1,
        "reg_lambda": 1,
        "subsample": 0.5156566462277793
      },
      "scale_pos_weight": {
        "mean_cv_auc": 0.8446715277866851,
        "std_cv_auc": 0.0034646400559235017
      },
      "upsampling_25pct": {
        "mean_cv_auc": 0.845489141335149,
        "std_cv_auc": 0.004522297049443578
      },
      "winner": "upsampling_25pct",
      "best_mean_cv_auc": 0.845489141335149,
      "best_std_cv_auc": 0.004522297049443578
    },
    {
      "params": {
        "colsample_bytree": 0.9211423872974993,
        "gamma": 1.0,
        "learning_rate": 0.24420460844911424,
        "max_depth": 6,
        "min_child_weight": 8,
        "n_estimators": 264,
        "reg_alpha": 0,
        "reg_lambda": 1,
        "subsample": 0.6626651653816322
      },
      "scale_pos_weight": {
        "mean_cv_auc": 0.8265687557277689,
        "std_cv_auc": 0.004318688142007331
      },
      "upsampling_25pct": {
        "mean_cv_auc": 0.8397170504433893,
        "std_cv_auc": 0.00378828428619184
      },
      "winner": "upsampling_25pct",
      "best_mean_cv_auc": 0.8397170504433893,
      "best_std_cv_auc": 0.00378828428619184
    },
    {
      "params": {
        "colsample_bytree": 0.6943386448447411,
        "gamma": 0.1,
        "learning_rate": 0.06268891016222734,
        "max_depth": 4,
        "min_child_weight": 9,
        "n_estimators": 301,
        "reg_alpha": 0,
        "reg_lambda": 0,
        "subsample": 0.6481367528520412
      },
      "scale_pos_weight": {
        "mean_cv_auc": 0.8510703152410949,
        "std_cv_auc": 0.004479931930432351
      },
      "upsampling_25pct": {
        "mean_cv_auc": 0.8515182591002453,
        "std_cv_auc": 0.003955072643173024
      },
      "winner": "upsampling_25pct",
      "best_mean_cv_auc": 0.8515182591002453,
      "best_std_cv_auc": 0.003955072643173024
    },
    {
      "params": {
        "colsample_bytree": 0.5826334695315012,
        "gamma": 0,
        "learning_rate": 0.28691395365453726,
        "max_depth": 3,
        "min_child_weight": 8,
        "n_estimators": 112,
        "reg_alpha": 1.0,
        "reg_lambda": 5,
        "subsample": 0.8534286719238086
      },
      "scale_pos_weight": {
        "mean_cv_auc": 0.8460581696081374,
        "std_cv_auc": 0.0037241405580847285
      },
      "upsampling_25pct": {
        "mean_cv_auc": 0.8458493091486835,
        "std_cv_auc": 0.0035796216043969963
      },
      "winner": "scale_pos_weight",
      "best_mean_cv_auc": 0.8460581696081374,
      "best_std_cv_auc": 0.0037241405580847285
    },
    {
      "params": {
        "colsample_bytree": 0.8645035840204937,
        "gamma": 0,
        "learning_rate": 0.07853737079666878,
        "max_depth": 4,
        "min_child_weight": 7,
        "n_estimators": 90,
        "reg_alpha": 1.0,
        "reg_lambda": 0,
        "subsample": 0.811649063413779
      },
      "scale_pos_weight": {
        "mean_cv_auc": 0.8412286033991715,
        "std_cv_auc": 0.004314654284155141
      },
      "upsampling_25pct": {
        "mean_cv_auc": 0.8421394249914229,