{
  "M1": {
    "auc_roc": 0.8511275486612213,
    "brier_score": 0.059792473912239075,
    "map_100": 0.9575968537374587,
    "map_500": 0.8264458294251785,
    "map_1000": 0.7258770066767063,
    "ndcg_100": 0.9678815258345258,
    "ndcg_500": 0.6720517974788475,
    "ndcg_1000": 0.552150770486597,
    "optimal_threshold": 0.55,
    "precision_at_optimal": 0.28712023962344885,
    "recall_at_optimal": 0.38496844520940904,
    "f1_at_optimal": 0.328921568627451,
    "test_set_size": 95098,
    "positive_rate": 0.03665692233275148
  },
  "M2": {
    "auc_roc": 0.9960503161850278,
    "brier_score": 0.036074619740247726,
    "map_100": 0.1,
    "map_500": 0.030171665272511795,
    "map_1000": 0.030171665272511795,
    "ndcg_100": 0.08747171410140814,
    "ndcg_500": 0.23899342979682459,
    "ndcg_1000": 0.23899342979682459,
    "optimal_threshold": 0.8,
    "precision_at_optimal": 0.09090909090909091,
    "recall_at_optimal": 0.16666666666666666,
    "f1_at_optimal": 0.11764705882352941,
    "test_set_size": 95098,
    "positive_rate": 6.309280952280805e-05
  },
  "M3": {
    "auc_roc": 0.7046918601420993,
    "brier_score": 0.04743741825222969,
    "map_100": 0.0,
    "map_500": 0.00991498810270036,
    "map_1000": 0.008534918357030357,
    "ndcg_100": 0.0,
    "ndcg_500": 0.029784403399792908,
    "ndcg_1000": 0.04555799896541366,
    "optimal_threshold": 0.6,
    "precision_at_optimal": 0.011764705882352941,
    "recall_at_optimal": 0.03773584905660377,
    "f1_at_optimal": 0.017937219730941704,
    "test_set_size": 94802,
    "positive_rate": 0.0005590599354443999
  },
  "M4": {
    "auc_roc": 0.8641242314920256,
    "brier_score": 0.024306075647473335,
    "map_100": 0.7589950514898349,
    "map_500": 0.5977526151593942,
    "map_1000": 0.5217382706783398,
    "ndcg_100": 0.6193132550174621,
    "ndcg_500": 0.4298794107169084,
    "ndcg_1000": 0.48045383499046607,
    "optimal_threshold": 0.85,
    "precision_at_optimal": 0.4147727272727273,
    "recall_at_optimal": 0.26838235294117646,
    "f1_at_optimal": 0.32589285714285715,
    "test_set_size": 94802,
    "positive_rate": 0.0028691377819033354
  }
}