{
  "model_id": "M3",
  "label_distribution": {
    "0": 315831,
    "1": 175
  },
  "scale_pos_weight_value": 1812.1475409836066,
  "strategy_comparison": {
    "scale_pos_weight": {
      "mean_cv_auc": 0.6632139006997954,
      "best_cv_auc": 0.6818714033596628
    },
    "upsampling_25pct": {
      "mean_cv_auc": 0.674748336259077,
      "best_cv_auc": 0.6912291110505077
    },
    "winner": "upsampling_25pct"
  },
  "all_cv_results": [
    {
      "params": {
        "colsample_bytree": 0.6872700594236812,
        "gamma": 0,
        "learning_rate": 0.01866188148138769,
        "max_depth": 7,
        "min_child_weight": 5,
        "n_estimators": 152,
        "reg_alpha": 0.1,
        "reg_lambda": 5,
        "subsample": 0.5499874579090014
      },
      "scale_pos_weight": {
        "mean_cv_auc": 0.6501547613058701,
        "std_cv_auc": 0.02389135730454792
      },
      "upsampling_25pct": {
        "mean_cv_auc": 0.6854299411806369,
        "std_cv_auc": 0.017184489044707957
      },
      "winner": "upsampling_25pct",
      "best_mean_cv_auc": 0.6854299411806369,
      "best_std_cv_auc": 0.017184489044707957
    },
    {
      "params": {
        "colsample_bytree": 0.7296244459829335,
        "gamma": 0,
        "learning_rate": 0.07725378389307355,
        "max_depth": 5,
        "min_child_weight": 6,
        "n_estimators": 358,
        "reg_alpha": 0.1,
        "reg_lambda": 1,
        "subsample": 0.6061695553391381
      },
      "scale_pos_weight": {
        "mean_cv_auc": 0.6709762129425104,
        "std_cv_auc": 0.03675209800086888
      },
      "upsampling_25pct": {
        "mean_cv_auc": 0.654928290871437,
        "std_cv_auc": 0.03426331739905712
      },
      "winner": "scale_pos_weight",
      "best_mean_cv_auc": 0.6709762129425104,
      "best_std_cv_auc": 0.03675209800086888
    },
    {
      "params": {
        "colsample_bytree": 0.5909124836035503,
        "gamma": 0,
        "learning_rate": 0.08167611317882542,
        "max_depth": 4,
        "min_child_weight": 6,
        "n_estimators": 302,
        "reg_alpha": 0,
        "reg_lambda": 0,
        "subsample": 0.7623873301291946
      },
      "scale_pos_weight": {
        "mean_cv_auc": 0.671141161120882,
        "std_cv_auc": 0.03519597460627926
      },
      "upsampling_25pct": {
        "mean_cv_auc": 0.6737355384195821,
        "std_cv_auc": 0.028016733521545892
      },
      "winner": "upsampling_25pct",
      "best_mean_cv_auc": 0.6737355384195821,
      "best_std_cv_auc": 0.028016733521545892
    },
    {
      "params": {
        "colsample_bytree": 0.6999304858576277,
        "gamma": 1.0,
        "learning_rate": 0.027010527749605478,
        "max_depth": 5,
        "min_child_weight": 7,
        "n_estimators": 293,
        "reg_alpha": 0,
        "reg_lambda": 5,
        "subsample": 0.9299702033681603
      },
      "scale_pos_weight": {
        "mean_cv_auc": 0.6790237732672195,
        "std_cv_auc": 0.029436436495711375
      },
      "upsampling_25pct": {
        "mean_cv_auc": 0.6698489411058385,
        "std_cv_auc": 0.030660850424601545
      },
      "winner": "scale_pos_weight",
      "best_mean_cv_auc": 0.6790237732672195,
      "best_std_cv_auc": 0.029436436495711375
    },
    {
      "params": {
        "colsample_bytree": 0.8401537692938899,
        "gamma": 0,
        "learning_rate": 0.012476394272569451,
        "max_depth": 6,
        "min_child_weight": 9,
        "n_estimators": 365,
        "reg_alpha": 0.1,
        "reg_lambda": 1,
        "subsample": 0.692708251269958
      },
      "scale_pos_weight": {
        "mean_cv_auc": 0.6612714937907378,
        "std_cv_auc": 0.03762836711031867
      },
      "upsampling_25pct": {
        "mean_cv_auc": 0.6723163775895094,
        "std_cv_auc": 0.026328096803795314
      },
      "winner": "upsampling_25pct",
      "best_mean_cv_auc": 0.6723163775895094,
      "best_std_cv_auc": 0.026328096803795314
    },
    {
      "params": {
        "colsample_bytree": 0.5079831261101071,
        "gamma": 0.1,
        "learning_rate": 0.1024932221692416,
        "max_depth": 6,
        "min_child_weight": 7,
        "n_estimators": 477,
        "reg_alpha": 0,
        "reg_lambda": 5,
        "subsample": 0.5866823267538861
      },
      "scale_pos_weight": {
        "mean_cv_auc": 0.6818714033596628,
        "std_cv_auc": 0.014997396129127098
      },
      "upsampling_25pct": {
        "mean_cv_auc": 0.6698060064789999,
        "std_cv_auc": 0.021085726071551694
      },
      "winner": "scale_pos_weight",
      "best_mean_cv_auc": 0.6818714033596628,
      "best_std_cv_auc": 0.014997396129127098
    },
    {
      "params": {
        "colsample_bytree": 0.6955303037866204,
        "gamma": 0.1,
        "learning_rate": 0.09519754482692679,
        "max_depth": 4,
        "min_child_weight": 6,
        "n_estimators": 103,
        "reg_alpha": 0.1,
        "reg_lambda": 1,
        "subsample": 0.5156566462277793
      },
      "scale_pos_weight": {
        "mean_cv_auc": 0.6765355093386605,
        "std_cv_auc": 0.0421708433871412
      },
      "upsampling_25pct": {
        "mean_cv_auc": 0.6825985201716348,
        "std_cv_auc": 0.009654908794104057
      },
      "winner": "upsampling_25pct",
      "best_mean_cv_auc": 0.6825985201716348,
      "best_std_cv_auc": 0.009654908794104057
    },
    {
      "params": {
        "colsample_bytree": 0.9211423872974993,
        "gamma": 1.0,
        "learning_rate": 0.24420460844911424,
        "max_depth": 6,
        "min_child_weight": 8,
        "n_estimators": 264,
        "reg_alpha": 0,
        "reg_lambda": 1,
        "subsample": 0.6626651653816322
      },
      "scale_pos_weight": {
        "mean_cv_auc": 0.6242749200109174,
        "std_cv_auc": 0.04612948085953684
      },
      "upsampling_25pct": {
        "mean_cv_auc": 0.6644547831937868,
        "std_cv_auc": 0.020793850850360937
      },
      "winner": "upsampling_25pct",
      "best_mean_cv_auc": 0.6644547831937868,
      "best_std_cv_auc": 0.020793850850360937
    },
    {
      "params": {
        "colsample_bytree": 0.6943386448447411,
        "gamma": 0.1,
        "learning_rate": 0.06268891016222734,
        "max_depth": 4,
        "min_child_weight": 9,
        "n_estimators": 301,
        "reg_alpha": 0,
        "reg_lambda": 0,
        "subsample": 0.6481367528520412
      },
      "scale_pos_weight": {
        "mean_cv_auc": 0.672331666861937,
        "std_cv_auc": 0.04225798661440873
      },
      "upsampling_25pct": {
        "mean_cv_auc": 0.679064173242419,
        "std_cv_auc": 0.025432440655939727
      },
      "winner": "upsampling_25pct",
      "best_mean_cv_auc": 0.679064173242419,
      "best_std_cv_auc": 0.025432440655939727
    },
    {
      "params": {
        "colsample_bytree": 0.5826334695315012,
        "gamma": 0,
        "learning_rate": 0.28691395365453726,
        "max_depth": 3,
        "min_child_weight": 8,
        "n_estimators": 112,
        "reg_alpha": 1.0,
        "reg_lambda": 5,
        "subsample": 0.8534286719238086
      },
      "scale_pos_weight": {
        "mean_cv_auc": 0.6622668051540748,
        "std_cv_auc": 0.029830738694966986
      },
      "upsampling_25pct": {
        "mean_cv_auc": 0.6912291110505077,
        "std_cv_auc": 0.015613849598947691
      },
      "winner": "upsampling_25pct",
      "best_mean_cv_auc": 0.6912291110505077,
      "best_std_cv_auc": 0.015613849598947691
    },
    {
      "params": {
        "colsample_bytree": 0.8645035840204937,
        "gamma": 0,
        "learning_rate": 0.07853737079666878,
        "max_depth": 4,
        "min_child_weight": 7,
        "n_estimators": 90,
        "reg_alpha": 1.0,
        "reg_lambda": 0,
        "subsample": 0.811649063413779
      },
      "scale_pos_weight": {
        "mean_cv_auc": 0.6583471829015655,
        "std_cv_auc": 0.01980318839715408
      },
      "upsampling_25pct": {
        "mean_cv_auc": 0.6798999008424421,