{
  "model_id": "M2",
  "label_distribution": {
    "0": 277801,
    "1": 39190
  },
  "scale_pos_weight_value": 7.088542995662158,
  "strategy_comparison": {
    "scale_pos_weight": {
      "mean_cv_auc": 0.778161263697736,
      "best_cv_auc": 0.8088271995825264
    },
    "upsampling_25pct": {
      "mean_cv_auc": 0.7769357724226071,
      "best_cv_auc": 0.8075543586779955
    },
    "winner": "scale_pos_weight"
  },
  "all_cv_results": [
    {
      "params": {
        "colsample_bytree": 0.6872700594236812,
        "gamma": 0,
        "learning_rate": 0.01866188148138769,
        "max_depth": 7,
        "min_child_weight": 5,
        "n_estimators": 152,
        "reg_alpha": 0.1,
        "reg_lambda": 5,
        "subsample": 0.5499874579090014
      },
      "scale_pos_weight": {
        "mean_cv_auc": 0.7818894354479905,
        "std_cv_auc": 0.0014064671351572723
      },
      "upsampling_25pct": {
        "mean_cv_auc": 0.7813401599332543,
        "std_cv_auc": 0.002273785040158964
      },
      "winner": "scale_pos_weight",
      "best_mean_cv_auc": 0.7818894354479905,
      "best_std_cv_auc": 0.0014064671351572723
    },
    {
      "params": {
        "colsample_bytree": 0.7296244459829335,
        "gamma": 0,
        "learning_rate": 0.07725378389307355,
        "max_depth": 5,
        "min_child_weight": 6,
        "n_estimators": 358,
        "reg_alpha": 0.1,
        "reg_lambda": 1,
        "subsample": 0.6061695553391381
      },
      "scale_pos_weight": {
        "mean_cv_auc": 0.800302730106642,
        "std_cv_auc": 0.0009253926139238846
      },
      "upsampling_25pct": {
        "mean_cv_auc": 0.7993762250088117,
        "std_cv_auc": 0.001626177226868322
      },
      "winner": "scale_pos_weight",
      "best_mean_cv_auc": 0.800302730106642,
      "best_std_cv_auc": 0.0009253926139238846
    },
    {
      "params": {
        "colsample_bytree": 0.5909124836035503,
        "gamma": 0,
        "learning_rate": 0.08167611317882542,
        "max_depth": 4,
        "min_child_weight": 6,
        "n_estimators": 302,
        "reg_alpha": 0,
        "reg_lambda": 0,
        "subsample": 0.7623873301291946
      },
      "scale_pos_weight": {
        "mean_cv_auc": 0.7883631507740616,
        "std_cv_auc": 0.000956630799189086
      },
      "upsampling_25pct": {
        "mean_cv_auc": 0.7870623390079138,
        "std_cv_auc": 0.0013633294935862816
      },
      "winner": "scale_pos_weight",
      "best_mean_cv_auc": 0.7883631507740616,
      "best_std_cv_auc": 0.000956630799189086
    },
    {
      "params": {
        "colsample_bytree": 0.6999304858576277,
        "gamma": 1.0,
        "learning_rate": 0.027010527749605478,
        "max_depth": 5,
        "min_child_weight": 7,
        "n_estimators": 293,
        "reg_alpha": 0,
        "reg_lambda": 5,
        "subsample": 0.9299702033681603
      },
      "scale_pos_weight": {
        "mean_cv_auc": 0.7788615543176913,
        "std_cv_auc": 0.001174739239308473
      },
      "upsampling_25pct": {
        "mean_cv_auc": 0.7768783309614095,
        "std_cv_auc": 0.0014889950160028947
      },
      "winner": "scale_pos_weight",
      "best_mean_cv_auc": 0.7788615543176913,
      "best_std_cv_auc": 0.001174739239308473
    },
    {
      "params": {
        "colsample_bytree": 0.8401537692938899,
        "gamma": 0,
        "learning_rate": 0.012476394272569451,
        "max_depth": 6,
        "min_child_weight": 9,
        "n_estimators": 365,
        "reg_alpha": 0.1,
        "reg_lambda": 1,
        "subsample": 0.692708251269958
      },
      "scale_pos_weight": {
        "mean_cv_auc": 0.780111242183264,
        "std_cv_auc": 0.001031684681040169
      },
      "upsampling_25pct": {
        "mean_cv_auc": 0.7794076254241805,
        "std_cv_auc": 0.0019024950000190181
      },
      "winner": "scale_pos_weight",
      "best_mean_cv_auc": 0.780111242183264,
      "best_std_cv_auc": 0.001031684681040169
    },
    {
      "params": {
        "colsample_bytree": 0.5079831261101071,
        "gamma": 0.1,
        "learning_rate": 0.1024932221692416,
        "max_depth": 6,
        "min_child_weight": 7,
        "n_estimators": 477,
        "reg_alpha": 0,
        "reg_lambda": 5,
        "subsample": 0.5866823267538861
      },
      "scale_pos_weight": {
        "mean_cv_auc": 0.8088271995825264,
        "std_cv_auc": 0.0006939470557530902
      },
      "upsampling_25pct": {
        "mean_cv_auc": 0.8075543586779955,
        "std_cv_auc": 0.0013807227276439909
      },
      "winner": "scale_pos_weight",
      "best_mean_cv_auc": 0.8088271995825264,
      "best_std_cv_auc": 0.0006939470557530902
    },
    {
      "params": {
        "colsample_bytree": 0.6955303037866204,
        "gamma": 0.1,
        "learning_rate": 0.09519754482692679,
        "max_depth": 4,
        "min_child_weight": 6,
        "n_estimators": 103,
        "reg_alpha": 0.1,
        "reg_lambda": 1,
        "subsample": 0.5156566462277793
      },
      "scale_pos_weight": {
        "mean_cv_auc": 0.7724185344048428,
        "std_cv_auc": 0.00014690272561360595
      },
      "upsampling_25pct": {
        "mean_cv_auc": 0.7711589885294071,
        "std_cv_auc": 0.0012963806466552172
      },
      "winner": "scale_pos_weight",
      "best_mean_cv_auc": 0.7724185344048428,
      "best_std_cv_auc": 0.00014690272561360595
    },
    {
      "params": {
        "colsample_bytree": 0.9211423872974993,
        "gamma": 1.0,
        "learning_rate": 0.24420460844911424,
        "max_depth": 6,
        "min_child_weight": 8,
        "n_estimators": 264,
        "reg_alpha": 0,
        "reg_lambda": 1,
        "subsample": 0.6626651653816322
      },
      "scale_pos_weight": {
        "mean_cv_auc": 0.8035868998383568,
        "std_cv_auc": 0.0010546317737895328
      },
      "upsampling_25pct": {
        "mean_cv_auc": 0.8043145695723678,
        "std_cv_auc": 0.0011943344510086159
      },
      "winner": "upsampling_25pct",
      "best_mean_cv_auc": 0.8043145695723678,
      "best_std_cv_auc": 0.0011943344510086159
    },
    {
      "params": {
        "colsample_bytree": 0.6943386448447411,
        "gamma": 0.1,
        "learning_rate": 0.06268891016222734,
        "max_depth": 4,
        "min_child_weight": 9,
        "n_estimators": 301,
        "reg_alpha": 0,
        "reg_lambda": 0,
        "subsample": 0.6481367528520412
      },
      "scale_pos_weight": {
        "mean_cv_auc": 0.7854792024770093,
        "std_cv_auc": 0.0009601634681593794
      },
      "upsampling_25pct": {
        "mean_cv_auc": 0.7833117717061396,
        "std_cv_auc": 0.000981817691638464
      },
      "winner": "scale_pos_weight",
      "best_mean_cv_auc": 0.7854792024770093,
      "best_std_cv_auc": 0.0009601634681593794
    },
    {
      "params": {
        "colsample_bytree": 0.5826334695315012,
        "gamma": 0,
        "learning_rate": 0.28691395365453726,
        "max_depth": 3,
        "min_child_weight": 8,
        "n_estimators": 112,
        "reg_alpha": 1.0,
        "reg_lambda": 5,
        "subsample": 0.8534286719238086
      },
      "scale_pos_weight": {
        "mean_cv_auc": 0.7782265147453545,
        "std_cv_auc": 0.0006769660288974702
      },
      "upsampling_25pct": {
        "mean_cv_auc": 0.7763794715641423,
        "std_cv_auc": 0.0018700097361869967
      },
      "winner": "scale_pos_weight",
      "best_mean_cv_auc": 0.7782265147453545,
      "best_std_cv_auc": 0.0006769660288974702
    },
    {
      "params": {
        "colsample_bytree": 0.8645035840204937,
        "gamma": 0,
        "learning_rate": 0.07853737079666878,
        "max_depth": 4,
        "min_child_weight": 7,
        "n_estimators": 90,
        "reg_alpha": 1.0,
        "reg_lambda": 0,
        "subsample": 0.811649063413779
      },
      "scale_pos_weight": {
        "mean_cv_auc": 0.7669444572551315,
        "std_cv_auc": 0.0006329927529991982
      },